"","gene","celltype"
"1","Slc32a1","iNeuron"
"2","Dlx6os1","iNeuron"
"3","Dlx1","iNeuron"
"4","Pnoc","iNeuron"
"5","Htr3a","iNeuron"
"6","Gad2","iNeuron"
"7","Adarb2","iNeuron"
"8","Arx","iNeuron"
"9","Igf1","iNeuron"
"10","Btbd11","iNeuron"
"11","Zcchc12","iNeuron"
"12","Arl4c","iNeuron"
"13","Rbms3","iNeuron"
"14","Npas1","iNeuron"
"15","Dpysl5","iNeuron"
"16","Tnfaip8l3","iNeuron"
"17","Cntnap2","iNeuron"
"18","Reln","iNeuron"
"19","Nrip3","iNeuron"
"20","Kit","iNeuron"
"21","Ubash3b","iNeuron"
"22","Vstm2a","iNeuron"
"23","Slc6a1","iNeuron"
"24","Shisa9","iNeuron"
"25","Pcp4l1","iNeuron"
"26","Celf6","iNeuron"
"27","Slc2a13","iNeuron"
"28","Klhl13","iNeuron"
"29","Ache","iNeuron"
"30","Sema3c","iNeuron"
"31","Dner","iNeuron"
"32","Tmem130","iNeuron"
"33","Cnr1","iNeuron"
"34","Cygb","iNeuron"
"35","Cplx1","iNeuron"
"36","Kcnc1","iNeuron"
"37","Fstl5","iNeuron"
"38","Grik1","iNeuron"
"39","Tspyl4","iNeuron"
"40","Usp29","iNeuron"
"41","Grip1","iNeuron"
"42","Galnt14","iNeuron"
"43","Abat","iNeuron"
"44","Rab27b","iNeuron"
"45","Nap1l5","iNeuron"
"46","Gprasp2","iNeuron"
"47","Chrna4","iNeuron"
"48","Nr2f2","iNeuron"
"49","Gng4","iNeuron"
"50","Dpysl4","iNeuron"
"51","Dzank1","iNeuron"
"52","Csdc2","iNeuron"
"53","Slc38a1","iNeuron"
"54","Slc24a3","iNeuron"
"55","Slc7a14","iNeuron"
"56","Zbtb16","iNeuron"
"57","Wdr6","iNeuron"
"58","Cadps","iNeuron"
"59","Cend1","iNeuron"
"60","Kcnd3","iNeuron"
"61","Maf","iNeuron"
"62","Zmat4","iNeuron"
"63","Fgf9","iNeuron"
"64","Clstn3","iNeuron"
"65","Prkar2b","iNeuron"
"66","Cacng2","iNeuron"
"67","Impact","iNeuron"
"68","Cxcl14","iNeuron"
"69","Syngr3","iNeuron"
"70","Frmpd4","iNeuron"
"71","Rph3a","iNeuron"
"72","Dpp6","iNeuron"
"73","Rgs8","iNeuron"
"74","Hcn3","iNeuron"
"75","Lgi2","iNeuron"
"76","Ptprn2","iNeuron"
"77","Igsf3","iNeuron"
"78","Gng2","iNeuron"
"79","Necab1","iNeuron"
"80","Ptpro","iNeuron"
"81","Bcat1","iNeuron"
"82","Tmem65","iNeuron"
"83","Nmnat2","iNeuron"
"84","Slc39a6","iNeuron"
"85","Alg2","iNeuron"
"86","Fndc5","iNeuron"
"87","Reps2","iNeuron"
"88","Sema6c","iNeuron"
"89","Peg3","iNeuron"
"90","Gdap1","iNeuron"
"91","Sv2a","iNeuron"
"92","Kcnn2","iNeuron"
"93","Ube2ql1","iNeuron"
"94","Gnl3l","iNeuron"
"95","Diras1","iNeuron"
"96","Ptprm","iNeuron"
"97","Adra1b","iNeuron"
"98","Hapln1","iNeuron"
"99","Trim32","iNeuron"
"100","Cxxc4","iNeuron"
"101","Afap1","iNeuron"
"102","Gng3","iNeuron"
"103","Apba1","iNeuron"
"104","Slc6a15","iNeuron"
"105","Dcaf12l1","iNeuron"
"106","Rgs12","iNeuron"
"107","Hrh3","iNeuron"
"108","Etl4","iNeuron"
"109","Dnm3","iNeuron"
"110","Tro","iNeuron"
"111","Nap1l2","iNeuron"
"112","Rasgrf2","iNeuron"
"113","Col19a1","iNeuron"
"114","Pip5k1b","iNeuron"
"115","Hcn1","iNeuron"
"116","Nt5dc3","iNeuron"
"117","Sntg1","iNeuron"
"118","Aldh5a1","iNeuron"
"119","Ogfrl1","iNeuron"
"120","Slc9a6","iNeuron"
"121","Kcnab1","iNeuron"
"122","Snx10","iNeuron"
"123","Kctd6","iNeuron"
"124","Slc35f1","iNeuron"
"125","Nrsn1","iNeuron"
"126","Pak3","iNeuron"
"127","Necap1","iNeuron"
"128","Sorbs1","iNeuron"
"129","Rnf14","iNeuron"
"130","Tmem179","iNeuron"
"131","Elovl4","iNeuron"
"132","Osbpl3","iNeuron"
"133","Homer2","iNeuron"
"134","Cep170b","iNeuron"
"135","Scn2b","iNeuron"
"136","Asic1","iNeuron"
"137","Pdxk","iNeuron"
"138","Dcaf7","iNeuron"
"139","Mapk9","iNeuron"
"140","Susd4","iNeuron"
"141","Dynll2","iNeuron"
"142","Clvs1","iNeuron"
"143","Sfxn1","iNeuron"
"144","Atxn1","iNeuron"
"145","Rcan2","iNeuron"
"146","Dscaml1","iNeuron"
"147","Plcxd2","iNeuron"
"148","Mapk8","iNeuron"
"149","Adarb1","iNeuron"
"150","Tmem38a","iNeuron"
"151","Rgs17","iNeuron"
"152","Lurap1l","iNeuron"
"153","Lrp12","iNeuron"
"154","Gdap1l1","iNeuron"
"155","Dnajc5","iNeuron"
"156","Osbpl8","iNeuron"
"157","Ncoa1","iNeuron"
"158","Setd7","iNeuron"
"159","Usp11","iNeuron"
"160","Eef1a2","iNeuron"
"161","Fam126b","iNeuron"
"162","Entpd6","iNeuron"
"163","Nap1l3","iNeuron"
"164","Ppp1r2","iNeuron"
"165","Usp28","iNeuron"
"166","Sobp","iNeuron"
"167","Grik2","iNeuron"
"168","Atcay","iNeuron"
"169","Pnma2","iNeuron"
"170","Abhd8","iNeuron"
"171","Ankrd50","iNeuron"
"172","Nalcn","iNeuron"
"173","Tmem169","iNeuron"
"174","Gnal","iNeuron"
"175","Ubfd1","iNeuron"
"176","Aak1","iNeuron"
"177","Hdac9","iNeuron"
"178","Sms","iNeuron"
"179","Sel1l3","iNeuron"
"180","Elavl4","iNeuron"
"181","Pink1","iNeuron"
"182","Slc6a17","iNeuron"
"183","Npas3","iNeuron"
"184","Robo2","iNeuron"
"185","Stxbp1","iNeuron"
"186","Kif5a","iNeuron"
"187","Kcnc2","iNeuron"
"188","Blcap","iNeuron"
"189","Parm1","iNeuron"
"190","Fchsd2","iNeuron"
"191","Prkaca","iNeuron"
"192","Armcx4","iNeuron"
"193","Ina","iNeuron"
"194","Slc2a3","iNeuron"
"195","Gatsl2","iNeuron"
"196","Cacna2d3","iNeuron"
"197","Zfp385b","iNeuron"
"198","Pde4d","iNeuron"
"199","Ncald","iNeuron"
"200","Clmp","iNeuron"
"201","Amigo1","iNeuron"
"202","Neto2","iNeuron"
"203","Magee1","iNeuron"
"204","Rusc1","iNeuron"
"205","Dlg3","iNeuron"
"206","Srgap3","iNeuron"
"207","Fem1b","iNeuron"
"208","Atp6v0e2","iNeuron"
"209","Dnajc27","iNeuron"
"210","Ttbk2","iNeuron"
"211","Cdk14","iNeuron"
"212","Dnajc6","iNeuron"
"213","Sult4a1","iNeuron"
"214","Caskin1","iNeuron"
"215","Chpf","iNeuron"
"216","Clip4","iNeuron"
"217","Snx25","iNeuron"
"218","Scai","iNeuron"
"219","Crtac1","iNeuron"
"220","Csrnp3","iNeuron"
"221","Clstn2","iNeuron"
"222","Mblac2","iNeuron"
"223","Epm2aip1","iNeuron"
"224","Socs5","iNeuron"
"225","Scn3b","iNeuron"
"226","Tbc1d9","iNeuron"
"227","Klhl8","iNeuron"
"228","Astn1","iNeuron"
"229","Mpdz","iNeuron"
"230","Vgf","iNeuron"
"231","Gnl1","iNeuron"
"232","Fam19a5","iNeuron"
"233","Lrp11","iNeuron"
"234","Reep1","iNeuron"
"235","Faim2","iNeuron"
"236","Mast1","iNeuron"
"237","Faxc","iNeuron"
"238","Mapk8ip2","iNeuron"
"239","Cd200","iNeuron"
"240","Dlat","iNeuron"
"241","Chic1","iNeuron"
"242","Arnt2","iNeuron"
"243","Fam102b","iNeuron"
"244","Scn3a","iNeuron"
"245","Adam22","iNeuron"
"246","Adar","iNeuron"
"247","Flrt3","iNeuron"
"248","Dync1i1","iNeuron"
"249","Agtpbp1","iNeuron"
"250","Zfp941","iNeuron"
"251","Grsf1","iNeuron"
"252","Gpr158","iNeuron"
"253","Sorcs3","iNeuron"
"254","Dusp26","iNeuron"
"255","Pam","iNeuron"
"256","Chchd10","iNeuron"
"257","Sptbn4","iNeuron"
"258","Lancl1","iNeuron"
"259","Btbd1","iNeuron"
"260","Bri3bp","iNeuron"
"261","Nat8l","iNeuron"
"262","Cyb561","iNeuron"
"263","Lgi1","iNeuron"
"264","Chga","iNeuron"
"265","Pacsin1","iNeuron"
"266","Zbtb4","iNeuron"
"267","Myo5a","iNeuron"
"268","Itsn1","iNeuron"
"269","Lrrtm2","iNeuron"
"270","Tspan5","iNeuron"
"271","Syt13","iNeuron"
"272","B4galt6","iNeuron"
"273","Sfxn3","iNeuron"
"274","Cited2","iNeuron"
"275","Fbxo9","iNeuron"
"276","Gfpt1","iNeuron"
"277","Efr3a","iNeuron"
"278","Dzip3","iNeuron"
"279","Spats2l","iNeuron"
"280","Clip3","iNeuron"
"281","Cnnm1","iNeuron"
"282","Samd4","iNeuron"
"283","Fam57b","iNeuron"
"284","Bbs4","iNeuron"
"285","Dapk1","iNeuron"
"286","Cand1","iNeuron"
"287","Ugcg","iNeuron"
"288","Armcx2","iNeuron"
"289","Flot1","iNeuron"
"290","Ogfod1","iNeuron"
"291","B3galnt1","iNeuron"
"292","Atp13a2","iNeuron"
"293","Kcnab2","iNeuron"
"294","Fto","iNeuron"
"295","Scn1a","iNeuron"
"296","Ocrl","iNeuron"
"297","Fam163b","iNeuron"
"298","Olfm2","iNeuron"
"299","Magi3","iNeuron"
"300","Terf2ip","iNeuron"
"301","Cmas","iNeuron"
"302","Trp53inp2","iNeuron"
"303","Ggt7","iNeuron"
"304","Pclo","iNeuron"
"305","Ids","iNeuron"
"306","Rev3l","iNeuron"
"307","Ncs1","iNeuron"
"308","Snx16","iNeuron"
"309","Zyg11b","iNeuron"
"310","Nlgn2","iNeuron"
"311","Fhl1","iNeuron"
"312","Ctif","iNeuron"
"313","Tmem151b","iNeuron"
"314","Arrb1","iNeuron"
"315","Msantd4","iNeuron"
"316","Pfkm","iNeuron"
"317","Lancl2","iNeuron"
"318","Stip1","iNeuron"
"319","Enpp5","iNeuron"
"320","Habp4","iNeuron"
"321","Aplp2","iNeuron"
"322","Sec23a","iNeuron"
"323","Tomm70a","iNeuron"
"324","Sox2","iNeuron"
"325","Lysmd4","iNeuron"
"326","Pitpnm1","iNeuron"
"327","Arhgef4","iNeuron"
"328","Prmt8","iNeuron"
"329","Slc23a2","iNeuron"
"330","Ehd3","iNeuron"
"331","Dtx3","iNeuron"
"332","Scrt1","iNeuron"
"333","Btbd2","iNeuron"
"334","Ap2b1","iNeuron"
"335","Bag4","iNeuron"
"336","Grin1","iNeuron"
"337","Ipo4","iNeuron"
"338","Zfp536","iNeuron"
"339","Lynx1","iNeuron"
"340","Asic2","iNeuron"
"341","Tomm20","iNeuron"
"342","Trim37","iNeuron"
"343","Lyrm9","iNeuron"
"344","Sqstm1","iNeuron"
"345","Wrnip1","iNeuron"
"346","Sirt3","iNeuron"
"347","Ctnnd2","iNeuron"
"348","Magi1","iNeuron"
"349","Kcnq5","iNeuron"
"350","Arhgap44","iNeuron"
"351","Neto1","iNeuron"
"352","Gars","iNeuron"
"353","B3gat3","iNeuron"
"354","Uba1","iNeuron"
"355","Reep5","iNeuron"
"356","Spin1","iNeuron"
"357","Ccdc85a","iNeuron"
"358","Mecp2","iNeuron"
"359","Asns","iNeuron"
"360","Bhlhb9","iNeuron"
"361","Extl2","iNeuron"
"362","Prmt5","iNeuron"
"363","Mtmr7","iNeuron"
"364","Wrb","iNeuron"
"365","Fbxo21","iNeuron"
"366","Strap","iNeuron"
"367","Ppargc1a","iNeuron"
"368","Pitpnc1","iNeuron"
"369","Svop","iNeuron"
"370","Tacc2","iNeuron"
"371","Prkaa2","iNeuron"
"372","Nipsnap1","iNeuron"
"373","Klhdc10","iNeuron"
"374","Ifngr2","iNeuron"
"375","Rrn3","iNeuron"
"376","Pten","iNeuron"
"377","Hnrnpd","iNeuron"
"378","Fam20b","iNeuron"
"379","Kcna2","iNeuron"
"380","Aars","iNeuron"
"381","Slitrk4","iNeuron"
"382","Rnf208","iNeuron"
"383","Ppp2r5e","iNeuron"
"384","Slc4a3","iNeuron"
"385","Mtus2","iNeuron"
"386","Kif2a","iNeuron"
"387","Ap3b2","iNeuron"
"388","Amph","iNeuron"
"389","Srxn1","iNeuron"
"390","Pex5","iNeuron"
"391","Lhfpl4","iNeuron"
"392","Hspa4l","iNeuron"
"393","Dnm1l","iNeuron"
"394","Mpnd","iNeuron"
"395","Megf8","iNeuron"
"396","Map2k4","iNeuron"
"397","Herc3","iNeuron"
"398","Lrrtm3","iNeuron"
"399","Tspyl1","iNeuron"
"400","Nr2f1","iNeuron"
"401","Uqcc1","iNeuron"
"402","Tspyl5","iNeuron"
"403","B3gat1","iNeuron"
"404","Cuedc2","iNeuron"
"405","Snrk","iNeuron"
"406","Ttc39b","iNeuron"
"407","Scamp1","iNeuron"
"408","Cacnb4","iNeuron"
"409","Fam168b","iNeuron"
"410","Slc4a8","iNeuron"
"411","Cntnap1","iNeuron"
"412","Cpeb3","iNeuron"
"413","Gpd1l","iNeuron"
"414","Efhd2","iNeuron"
"415","Pgbd5","iNeuron"
"416","Atrnl1","iNeuron"
"417","Dda1","iNeuron"
"418","Sgip1","iNeuron"
"419","Tusc2","iNeuron"
"420","Nars","iNeuron"
"421","Rnf157","iNeuron"
"422","Dlg2","iNeuron"
"423","Akap6","iNeuron"
"424","Zmat3","iNeuron"
"425","Chd5","iNeuron"
"426","Adcy1","iNeuron"
"427","Ppp2r5d","iNeuron"
"428","Stxbp5","iNeuron"
"429","Pnpo","iNeuron"
"430","Sod2","iNeuron"
"431","Kat7","iNeuron"
"432","Rfng","iNeuron"
"433","Tsr2","iNeuron"
"434","Anxa7","iNeuron"
"435","Ube3a","iNeuron"
"436","Gabra4","iNeuron"
"437","Mmp17","iNeuron"
"438","Gnb5","iNeuron"
"439","Ak1","iNeuron"
"440","Arl5a","iNeuron"
"441","Mapre3","iNeuron"
"442","Fyn","iNeuron"
"443","Klhl9","iNeuron"
"444","Mtss1","iNeuron"
"445","Ppp1r11","iNeuron"
"446","Ranbp6","iNeuron"
"447","Lrrc4","iNeuron"
"448","Ulk1","iNeuron"
"449","Smarcal1","iNeuron"
"450","Nicn1","iNeuron"
"451","Tmem170b","iNeuron"
"452","Sphkap","iNeuron"
"453","Ppp1cc","iNeuron"
"454","Dusp8","iNeuron"
"455","Raph1","iNeuron"
"456","Mpi","iNeuron"
"457","Pde4a","iNeuron"
"458","Rnf6","iNeuron"
"459","Vps26b","iNeuron"
"460","Ssbp2","iNeuron"
"461","Dpp10","iNeuron"
"462","Pds5b","iNeuron"
"463","Fnbp1l","iNeuron"
"464","Usp14","iNeuron"
"465","Braf","iNeuron"
"466","Dennd5b","iNeuron"
"467","Dalrd3","iNeuron"
"468","Prepl","iNeuron"
"469","Npepps","iNeuron"
"470","Cltb","iNeuron"
"471","Atp6v0a1","iNeuron"
"472","Rbfox2","iNeuron"
"473","Azin1","iNeuron"
"474","Yars","iNeuron"
"475","Mfn2","iNeuron"
"476","Nomo1","iNeuron"
"477","Tbc1d24","iNeuron"
"478","Rap1gap","iNeuron"
"479","Trim44","iNeuron"
"480","Rundc3a","iNeuron"
"481","Fam3c","iNeuron"
"482","Tmem246","iNeuron"
"483","Uqcrc1","iNeuron"
"484","Nr2c2","iNeuron"
"485","Kras","iNeuron"
"486","Rnft2","iNeuron"
"487","Ube2k","iNeuron"
"488","Rab11b","iNeuron"
"489","Scamp5","iNeuron"
"490","B3galt2","iNeuron"
"491","Snph","iNeuron"
"492","Slc4a10","iNeuron"
"493","Ankrd24","iNeuron"
"494","Sgtb","iNeuron"
"495","B4galt5","iNeuron"
"496","Dmxl2","iNeuron"
"497","B4galt3","iNeuron"
"498","Cntn4","iNeuron"
"499","Cacna1g","iNeuron"
"500","Etnk1","iNeuron"
"501","Cry2","iNeuron"
"502","Armcx1","iNeuron"
"503","Cbx4","iNeuron"
"504","Mkrn1","iNeuron"
"505","Mrpl49","iNeuron"
"506","Paip2b","iNeuron"
"507","Rap1gds1","iNeuron"
"508","Wdr82","iNeuron"
"509","Ciapin1","iNeuron"
"510","Shroom2","iNeuron"
"511","Poldip2","iNeuron"
"512","Slc25a44","iNeuron"
"513","Ap3m2","iNeuron"
"514","Cpsf6","iNeuron"
"515","Slc25a46","iNeuron"
"516","Klhl22","iNeuron"
"517","Kidins220","iNeuron"
"518","Ppip5k1","iNeuron"
"519","Srpk2","iNeuron"
"520","Ube2z","iNeuron"
"521","Rangap1","iNeuron"
"522","Uri1","iNeuron"
"523","Rnf41","iNeuron"
"524","Fbxo41","iNeuron"
"525","Btrc","iNeuron"
"526","Ndufaf5","iNeuron"
"527","Casd1","iNeuron"
"528","Ddx3x","iNeuron"
"529","Creld1","iNeuron"
"530","Ap3d1","iNeuron"
"531","Rprd1a","iNeuron"
"532","Hnrnph2","iNeuron"
"533","Parp6","iNeuron"
"534","Caprin1","iNeuron"
"535","Pik3ca","iNeuron"
"536","Ap2a2","iNeuron"
"537","Tcf20","iNeuron"
"538","Hspbp1","iNeuron"
"539","Mgrn1","iNeuron"
"540","Brd3","iNeuron"
"541","Ube2j1","iNeuron"
"542","Aff4","iNeuron"
"543","Pkia","iNeuron"
"544","Madd","iNeuron"
"545","Oaz2","iNeuron"
"546","C2cd2l","iNeuron"
"547","Nus1","iNeuron"
"548","Exoc3","iNeuron"
"549","Klhdc3","iNeuron"
"550","Dock3","iNeuron"
"551","Tmem178","iNeuron"
"552","Adam23","iNeuron"
"553","Maged2","iNeuron"
"554","Rnmt","iNeuron"
"555","Tomm40l","iNeuron"
"556","Trpc4ap","iNeuron"
"557","Nmt2","iNeuron"
"558","Zfp512","iNeuron"
"559","Prmt7","iNeuron"
"560","Tmem127","iNeuron"
"561","Elmo1","iNeuron"
"562","Ncoa2","iNeuron"
"563","Atg2b","iNeuron"
"564","Lin7a","iNeuron"
"565","Tollip","iNeuron"
"566","Ttc19","iNeuron"
"567","Zmiz2","iNeuron"
"568","Mllt3","iNeuron"
"569","Kcnj9","iNeuron"
"570","Fam155a","iNeuron"
"571","Slc30a9","iNeuron"
"572","Kifc2","iNeuron"
"573","Fbxo11","iNeuron"
"574","Tmem56","iNeuron"
"575","Insig2","iNeuron"
"576","Atxn7l3","iNeuron"
"577","Prkca","iNeuron"
"578","Lrp8","iNeuron"
"579","Ppp2ca","iNeuron"
"580","Dohh","iNeuron"
"581","Cbx5","iNeuron"
"582","Glg1","iNeuron"
"583","Klhl7","iNeuron"
"584","Armcx3","iNeuron"
"585","Ptpn5","iNeuron"
"586","Tmem132b","iNeuron"
"587","Dctn1","iNeuron"
"588","Camsap1","iNeuron"
"589","Impad1","iNeuron"
"590","Fzr1","iNeuron"
"591","Srp72","iNeuron"
"592","Eif1ad","iNeuron"
"593","Nkiras1","iNeuron"
"594","Wbp4","iNeuron"
"595","Ppp1r7","iNeuron"
"596","Otub1","iNeuron"
"597","Hdac11","iNeuron"
"598","Nucks1","iNeuron"
"599","Hecw1","iNeuron"
"600","Fam171b","iNeuron"
"601","Kdm1a","iNeuron"
"602","Hars","iNeuron"
"603","Ube2q1","iNeuron"
"604","Hnrnpul2","iNeuron"
"605","Prrc2b","iNeuron"
"606","Inpp5f","iNeuron"
"607","Os9","iNeuron"
"608","Elp3","iNeuron"
"609","Ap3s2","iNeuron"
"610","Usp22","iNeuron"
"611","Idh3a","iNeuron"
"612","Smim13","iNeuron"
"613","Ubald1","iNeuron"
"614","Ypel5","iNeuron"
"615","Fyttd1","iNeuron"
"616","Ptbp2","iNeuron"
"617","Cdipt","iNeuron"
"618","Nacc2","iNeuron"
"619","Mapre2","iNeuron"
"620","Usp33","iNeuron"
"621","Pdhx","iNeuron"
"622","Eif2s3x","iNeuron"
"623","Fbxo33","iNeuron"
"624","Grb2","iNeuron"
"625","Tnpo2","iNeuron"
"626","Phyhipl","iNeuron"
"627","Slc25a23","iNeuron"
"628","Hdac3","iNeuron"
"629","Usp9x","iNeuron"
"630","Sppl3","iNeuron"
"631","Ddah1","iNeuron"
"632","Mapk8ip3","iNeuron"
"633","Gabrd","iNeuron"
"634","Fkbp8","iNeuron"
"635","Usp32","iNeuron"
"636","Tmem183a","iNeuron"
"637","Trove2","iNeuron"
"638","Snx32","iNeuron"
"639","Sulf2","iNeuron"
"640","Hlf","iNeuron"
"641","Thsd7a","iNeuron"
"642","Fut9","iNeuron"
"643","Lamp5","iNeuron"
"644","Kcnv1","eNeuron"
"645","Slc17a7","eNeuron"
"646","Kcnj4","eNeuron"
"647","Stx1a","eNeuron"
"648","Rab15","eNeuron"
"649","Ano3","eNeuron"
"650","Camk4","eNeuron"
"651","Lingo1","eNeuron"
"652","Igfbp6","eNeuron"
"653","Rap1gap2","eNeuron"
"654","Opcml","eNeuron"
"655","Diras2","eNeuron"
"656","Sult4a1","eNeuron"
"657","Rgs14","eNeuron"
"658","Icam5","eNeuron"
"659","Camkk2","eNeuron"
"660","Car10","eNeuron"
"661","Creg2","eNeuron"
"662","Ngef","eNeuron"
"663","Slc7a4","eNeuron"
"664","Kcnh3","eNeuron"
"665","Mapk8ip2","eNeuron"
"666","Chrm3","eNeuron"
"667","Syt13","eNeuron"
"668","Dmtn","eNeuron"
"669","Kcnb1","eNeuron"
"670","Gabra4","eNeuron"
"671","Cap2","eNeuron"
"672","Eef1a2","eNeuron"
"673","Tbr1","eNeuron"
"674","Arhgap32","eNeuron"
"675","Unc5a","eNeuron"
"676","Ak5","eNeuron"
"677","Rasl11b","eNeuron"
"678","Agap2","eNeuron"
"679","Gabrd","eNeuron"
"680","Adcy1","eNeuron"
"681","Svop","eNeuron"
"682","Lrrc4c","eNeuron"
"683","Ephb6","eNeuron"
"684","Dusp14","eNeuron"
"685","Necab3","eNeuron"
"686","Stxbp1","eNeuron"
"687","Sptbn2","eNeuron"
"688","Syt7","eNeuron"
"689","Dpp10","eNeuron"
"690","Slc8a2","eNeuron"
"691","Kcnf1","eNeuron"
"692","Lgi1","eNeuron"
"693","Slc35f3","eNeuron"
"694","Syt5","eNeuron"
"695","Nap1l2","eNeuron"
"696","Trim37","eNeuron"
"697","Clstn1","eNeuron"
"698","Syngr3","eNeuron"
"699","Nptx1","eNeuron"
"700","Reep2","eNeuron"
"701","Cacng3","eNeuron"
"702","Fam81a","eNeuron"
"703","Bdnf","eNeuron"
"704","Nipsnap1","eNeuron"
"705","Arhgap44","eNeuron"
"706","Nefm","eNeuron"
"707","Slc6a17","eNeuron"
"708","Ppp1r9a","eNeuron"
"709","Mmp17","eNeuron"
"710","St3gal5","eNeuron"
"711","Golga7b","eNeuron"
"712","Brinp2","eNeuron"
"713","Sgtb","eNeuron"
"714","Chchd10","eNeuron"
"715","Lrp11","eNeuron"
"716","Gng3","eNeuron"
"717","Akap5","eNeuron"
"718","Ube2ql1","eNeuron"
"719","Cecr6","eNeuron"
"720","Asns","eNeuron"
"721","Syt16","eNeuron"
"722","Vopp1","eNeuron"
"723","Stxbp5l","eNeuron"
"724","Scn2b","eNeuron"
"725","Cacna1a","eNeuron"
"726","Phyhip","eNeuron"
"727","Extl1","eNeuron"
"728","Lmtk2","eNeuron"
"729","Slc4a10","eNeuron"
"730","Ajap1","eNeuron"
"731","Chrm1","eNeuron"
"732","Adam11","eNeuron"
"733","Snn","eNeuron"
"734","Erc2","eNeuron"
"735","Pak1","eNeuron"
"736","Epha7","eNeuron"
"737","Rangap1","eNeuron"
"738","Cep19","eNeuron"
"739","Gdap1","eNeuron"
"740","Rtn4rl1","eNeuron"
"741","Slc30a3","eNeuron"
"742","Prmt8","eNeuron"
"743","Bsn","eNeuron"
"744","Dync1i1","eNeuron"
"745","Nrsn1","eNeuron"
"746","Ptprn2","eNeuron"
"747","Tmem179","eNeuron"
"748","Pdp1","eNeuron"
"749","Chga","eNeuron"
"750","Fam212b","eNeuron"
"751","Arpp19","eNeuron"
"752","Nat8l","eNeuron"
"753","Gfra2","eNeuron"
"754","Atp1a1","eNeuron"
"755","Cacng2","eNeuron"
"756","Madd","eNeuron"
"757","Slc25a22","eNeuron"
"758","Arhgap20","eNeuron"
"759","Lin7a","eNeuron"
"760","Herc3","eNeuron"
"761","Iqsec2","eNeuron"
"762","Map9","eNeuron"
"763","Sipa1l1","eNeuron"
"764","Slc2a3","eNeuron"
"765","Myo5a","eNeuron"
"766","Kcnh1","eNeuron"
"767","Usp14","eNeuron"
"768","Gnb5","eNeuron"
"769","Lynx1","eNeuron"
"770","Snph","eNeuron"
"771","Syndig1","eNeuron"
"772","Pip5k1c","eNeuron"
"773","Pfkm","eNeuron"
"774","Cpne5","eNeuron"
"775","Calb1","eNeuron"
"776","Psd","eNeuron"
"777","Ttl","eNeuron"
"778","Tanc2","eNeuron"
"779","Dlg3","eNeuron"
"780","Ildr2","eNeuron"
"781","Brinp3","eNeuron"
"782","Apba2","eNeuron"
"783","Pcdh7","eNeuron"
"784","Hecw1","eNeuron"
"785","Mpped1","eNeuron"
"786","Kifc2","eNeuron"
"787","Add2","eNeuron"
"788","Sms","eNeuron"
"789","Pkia","eNeuron"
"790","Dlgap3","eNeuron"
"791","Kcnj9","eNeuron"
"792","Fut9","eNeuron"
"793","Gpr158","eNeuron"
"794","Caln1","eNeuron"
"795","Grin1","eNeuron"
"796","Phactr1","eNeuron"
"797","Drp2","eNeuron"
"798","Unc13a","eNeuron"
"799","Gtdc1","eNeuron"
"800","Fhod3","eNeuron"
"801","Pacsin1","eNeuron"
"802","R3hdm2","eNeuron"
"803","Cadps","eNeuron"
"804","Kcnt1","eNeuron"
"805","Sidt1","eNeuron"
"806","Myh10","eNeuron"
"807","Pi4ka","eNeuron"
"808","Efna5","eNeuron"
"809","Ptpn5","eNeuron"
"810","Rusc1","eNeuron"
"811","Atp6v0e2","eNeuron"
"812","Nol4","eNeuron"
"813","Ccdc32","eNeuron"
"814","Slc39a10","eNeuron"
"815","Kcnq2","eNeuron"
"816","Camk1d","eNeuron"
"817","Asap1","eNeuron"
"818","Arhgef9","eNeuron"
"819","Akap6","eNeuron"
"820","Dock3","eNeuron"
"821","Tomm70a","eNeuron"
"822","Sphkap","eNeuron"
"823","Lancl2","eNeuron"
"824","Pgbd5","eNeuron"
"825","Lpcat4","eNeuron"
"826","Asic2","eNeuron"
"827","Me3","eNeuron"
"828","B3galnt1","eNeuron"
"829","Plxna4","eNeuron"
"830","Camk2g","eNeuron"
"831","Olfm2","eNeuron"
"832","Kcnip3","eNeuron"
"833","Klhl23","eNeuron"
"834","Cadm3","eNeuron"
"835","Aak1","eNeuron"
"836","Slc2a6","eNeuron"
"837","Atcay","eNeuron"
"838","Elavl4","eNeuron"
"839","Adam23","eNeuron"
"840","Slitrk1","eNeuron"
"841","Plxna2","eNeuron"
"842","Dnajb5","eNeuron"
"843","Cdk14","eNeuron"
"844","Necap1","eNeuron"
"845","Atp2b4","eNeuron"
"846","Gucy1b3","eNeuron"
"847","Adora1","eNeuron"
"848","Flrt2","eNeuron"
"849","Nkiras1","eNeuron"
"850","Sobp","eNeuron"
"851","Cacna2d3","eNeuron"
"852","Dmxl2","eNeuron"
"853","Inpp4a","eNeuron"
"854","Cds1","eNeuron"
"855","Tsnax","eNeuron"
"856","Satb1","eNeuron"
"857","Lamp5","eNeuron"
"858","Fam155a","eNeuron"
"859","Fbxo41","eNeuron"
"860","Rgs17","eNeuron"
"861","Gng2","eNeuron"
"862","Pfkl","eNeuron"
"863","Ncald","eNeuron"
"864","Habp4","eNeuron"
"865","Cdipt","eNeuron"
"866","Nlgn1","eNeuron"
"867","C1ql3","eNeuron"
"868","Slitrk4","eNeuron"
"869","Tmem38a","eNeuron"
"870","Tmem132a","eNeuron"
"871","R3hdm4","eNeuron"
"872","Ssbp3","eNeuron"
"873","Ssx2ip","eNeuron"
"874","Lpgat1","eNeuron"
"875","Pnma2","eNeuron"
"876","Stoml1","eNeuron"
"877","Grm7","eNeuron"
"878","Evi5","eNeuron"
"879","Ap3m2","eNeuron"
"880","Trim46","eNeuron"
"881","Idh3a","eNeuron"
"882","Pclo","eNeuron"
"883","Klc2","eNeuron"
"884","Cdkl2","eNeuron"
"885","Osbp2","eNeuron"
"886","Lzts3","eNeuron"
"887","Gucy1a2","eNeuron"
"888","B3galt2","eNeuron"
"889","Mical2","eNeuron"
"890","Clstn3","eNeuron"
"891","Etv5","eNeuron"
"892","Kcnab2","eNeuron"
"893","Fat3","eNeuron"
"894","Hlf","eNeuron"
"895","Ina","eNeuron"
"896","Smim13","eNeuron"
"897","Socs7","eNeuron"
"898","Adam22","eNeuron"
"899","Wdr47","eNeuron"
"900","Ntrk3","eNeuron"
"901","B4galt6","eNeuron"
"902","Actr1b","eNeuron"
"903","Reep1","eNeuron"
"904","Tro","eNeuron"
"905","Kcnk1","eNeuron"
"906","Gabra3","eNeuron"
"907","Cmas","eNeuron"
"908","Kcnq5","eNeuron"
"909","Kif5a","eNeuron"
"910","Sun1","eNeuron"
"911","Btbd10","eNeuron"
"912","Nceh1","eNeuron"
"913","Ogfrl1","eNeuron"
"914","Ppfia3","eNeuron"
"915","Nicn1","eNeuron"
"916","Adcy9","eNeuron"
"917","Nlk","eNeuron"
"918","Nedd4l","eNeuron"
"919","Arhgef4","eNeuron"
"920","Dlgap4","eNeuron"
"921","Usp46","eNeuron"
"922","Plekhg5","eNeuron"
"923","Scn3a","eNeuron"
"924","Rnf157","eNeuron"
"925","Srr","eNeuron"
"926","Ppfia2","eNeuron"
"927","Astn1","eNeuron"
"928","Lrrtm3","eNeuron"
"929","Jakmip1","eNeuron"
"930","Reps2","eNeuron"
"931","Zfp365","eNeuron"
"932","Tenm3","eNeuron"
"933","Gnal","eNeuron"
"934","Cplx1","eNeuron"
"935","Synpo","eNeuron"
"936","Agtpbp1","eNeuron"
"937","Plcl2","eNeuron"
"938","Cacnb4","eNeuron"
"939","Tspyl5","eNeuron"
"940","Rbfox2","eNeuron"
"941","Cend1","eNeuron"
"942","Srpk2","eNeuron"
"943","Sez6l","eNeuron"
"944","Pianp","eNeuron"
"945","Arhgef17","eNeuron"
"946","Pde8b","eNeuron"
"947","Dnm1l","eNeuron"
"948","Faim2","eNeuron"
"949","Trim9","eNeuron"
"950","Parp6","eNeuron"
"951","Trank1","eNeuron"
"952","Josd1","eNeuron"
"953","Ier5","eNeuron"
"954","Cntnap1","eNeuron"
"955","Pip4k2c","eNeuron"
"956","Fzd3","eNeuron"
"957","Zc2hc1a","eNeuron"
"958","Prickle2","eNeuron"
"959","Mtmr7","eNeuron"
"960","Tbc1d24","eNeuron"
"961","Prkacb","eNeuron"
"962","Cep170b","eNeuron"
"963","Trim32","eNeuron"
"964","C2cd2l","eNeuron"
"965","Scn1a","eNeuron"
"966","Slitrk5","eNeuron"
"967","Gnl1","eNeuron"
"968","Gabbr2","eNeuron"
"969","Dnajc5","eNeuron"
"970","Tenm4","eNeuron"
"971","Sh3glb2","eNeuron"
"972","Il1rapl1","eNeuron"
"973","Pip4k2b","eNeuron"
"974","Ube2k","eNeuron"
"975","Dnajc6","eNeuron"
"976","Lmo7","eNeuron"
"977","Dynll2","eNeuron"
"978","Tmem8b","eNeuron"
"979","Dpcd","eNeuron"
"980","Susd4","eNeuron"
"981","Rnf208","eNeuron"
"982","Dusp26","eNeuron"
"983","Sfxn3","eNeuron"
"984","Lztr1","eNeuron"
"985","Fbxl2","eNeuron"
"986","Pnpo","eNeuron"
"987","Tub","eNeuron"
"988","Abhd8","eNeuron"
"989","Epdr1","eNeuron"
"990","Pak3","eNeuron"
"991","Bhlhb9","eNeuron"
"992","Lhfpl4","eNeuron"
"993","Ppp1r7","eNeuron"
"994","Lrrc4","eNeuron"
"995","Zdhhc8","eNeuron"
"996","Bbs4","eNeuron"
"997","Ppm1l","eNeuron"
"998","Uhrf1bp1l","eNeuron"
"999","B4galt5","eNeuron"
"1000","Nav3","eNeuron"
"1001","Csrnp3","eNeuron"
"1002","Vgf","eNeuron"
"1003","Dgkb","eNeuron"
"1004","Pak7","eNeuron"
"1005","Nalcn","eNeuron"
"1006","Ext1","eNeuron"
"1007","Raph1","eNeuron"
"1008","Pten","eNeuron"
"1009","Rph3a","eNeuron"
"1010","Rnf14","eNeuron"
"1011","Usp33","eNeuron"
"1012","Ppm1k","eNeuron"
"1013","Magee1","eNeuron"
"1014","Lrrn2","eNeuron"
"1015","Snx10","eNeuron"
"1016","Cnnm1","eNeuron"
"1017","Napa","eNeuron"
"1018","Mphosph8","eNeuron"
"1019","Fnbp1l","eNeuron"
"1020","Grik5","eNeuron"
"1021","Robo2","eNeuron"
"1022","Strn4","eNeuron"
"1023","Srpk1","eNeuron"
"1024","Nmnat2","eNeuron"
"1025","Sox5","eNeuron"
"1026","Kctd17","eNeuron"
"1027","Vps13a","eNeuron"
"1028","Necab1","eNeuron"
"1029","Stk25","eNeuron"
"1030","Ap3b2","eNeuron"
"1031","Mapk8","eNeuron"
"1032","Fbxo45","eNeuron"
"1033","Stxbp5","eNeuron"
"1034","Hspbp1","eNeuron"
"1035","Ttc19","eNeuron"
"1036","Sybu","eNeuron"
"1037","Pin1","eNeuron"
"1038","Flot1","eNeuron"
"1039","Btbd9","eNeuron"
"1040","Atp6v0a1","eNeuron"
"1041","Mark1","eNeuron"
"1042","Acsl4","eNeuron"
"1043","Mapk9","eNeuron"
"1044","Scai","eNeuron"
"1045","Rtf1","eNeuron"
"1046","Ap2a2","eNeuron"
"1047","Dzank1","eNeuron"
"1048","Rap1gds1","eNeuron"
"1049","Rundc3a","eNeuron"
"1050","Gprasp2","eNeuron"
"1051","Faah","eNeuron"
"1052","Camsap1","eNeuron"
"1053","Cdkl5","eNeuron"
"1054","Mfn2","eNeuron"
"1055","Prrc2b","eNeuron"
"1056","Ppme1","eNeuron"
"1057","Fgfr1op2","eNeuron"
"1058","Abhd12","eNeuron"
"1059","Ggt7","eNeuron"
"1060","Fam126b","eNeuron"
"1061","Cacna1g","eNeuron"
"1062","Sptbn4","eNeuron"
"1063","Kcna2","eNeuron"
"1064","Rnf150","eNeuron"
"1065","Afg3l2","eNeuron"
"1066","Stradb","eNeuron"
"1067","Fam160a2","eNeuron"
"1068","Dlg2","eNeuron"
"1069","Usp2","eNeuron"
"1070","Cpt1c","eNeuron"
"1071","Cyb561","eNeuron"
"1072","Tlk1","eNeuron"
"1073","Mcf2l","eNeuron"
"1074","Nudcd3","eNeuron"
"1075","Zyg11b","eNeuron"
"1076","Map2k4","eNeuron"
"1077","Magi2","eNeuron"
"1078","Spin1","eNeuron"
"1079","Unc79","eNeuron"
"1080","Camsap2","eNeuron"
"1081","Nfe2l1","eNeuron"
"1082","Rbbp7","eNeuron"
"1083","Adrb1","eNeuron"
"1084","Rb1cc1","eNeuron"
"1085","Kif3c","eNeuron"
"1086","Dcaf12l1","eNeuron"
"1087","Rgs2","eNeuron"
"1088","Ube2o","eNeuron"
"1089","Ak1","eNeuron"
"1090","Sgip1","eNeuron"
"1091","Sdc3","eNeuron"
"1092","Src","eNeuron"
"1093","Stim2","eNeuron"
"1094","Cacna1e","eNeuron"
"1095","Nr2f1","eNeuron"
"1096","Actn1","eNeuron"
"1097","Pmepa1","eNeuron"
"1098","Fam57b","eNeuron"
"1099","Prkca","eNeuron"
"1100","Wdr7","eNeuron"
"1101","Lrp1","eNeuron"
"1102","Tbpl1","eNeuron"
"1103","Nars","eNeuron"
"1104","Snx16","eNeuron"
"1105","Chp1","eNeuron"
"1106","Pik3r2","eNeuron"
"1107","Cpsf2","eNeuron"
"1108","Rnf165","eNeuron"
"1109","Glg1","eNeuron"
"1110","Chd5","eNeuron"
"1111","Sestd1","eNeuron"
"1112","Fam168b","eNeuron"
"1113","Arnt2","eNeuron"
"1114","Ptprk","eNeuron"
"1115","Ctnnd2","eNeuron"
"1116","Klhl22","eNeuron"
"1117","Mapre2","eNeuron"
"1118","Crtac1","eNeuron"
"1119","Rnf6","eNeuron"
"1120","Hspa4","eNeuron"
"1121","Hcn1","eNeuron"
"1122","Scamp1","eNeuron"
"1123","Slmap","eNeuron"
"1124","Fbxo9","eNeuron"
"1125","Spcs3","eNeuron"
"1126","Klhdc3","eNeuron"
"1127","Exd2","eNeuron"
"1128","Tspan5","eNeuron"
"1129","Amph","eNeuron"
"1130","Mras","eNeuron"
"1131","Chpf","eNeuron"
"1132","Armcx1","eNeuron"
"1133","Appl1","eNeuron"
"1134","Adss","eNeuron"
"1135","Fam131b","eNeuron"
"1136","Ccdc25","eNeuron"
"1137","Gars","eNeuron"
"1138","Wdr35","eNeuron"
"1139","Asphd2","eNeuron"
"1140","Kbtbd11","eNeuron"
"1141","Clec16a","eNeuron"
"1142","Bcl7a","eNeuron"
"1143","Pgs1","eNeuron"
"1144","Chid1","eNeuron"
"1145","Sel1l3","eNeuron"
"1146","Ndufaf5","eNeuron"
"1147","Adap1","eNeuron"
"1148","Prkar2b","eNeuron"
"1149","Nova2","eNeuron"
"1150","C2cd5","eNeuron"
"1151","Sqstm1","eNeuron"
"1152","Casd1","eNeuron"
"1153","Pcnx","eNeuron"
"1154","Bap1","eNeuron"
"1155","Epn1","eNeuron"
"1156","Dlgap2","eNeuron"
"1157","Cul2","eNeuron"
"1158","Ap2b1","eNeuron"
"1159","Uba1","eNeuron"
"1160","Atxn1","eNeuron"
"1161","Cuedc2","eNeuron"
"1162","Fuom","eNeuron"
"1163","Mapk8ip3","eNeuron"
"1164","Ralgps2","eNeuron"
"1165","Sgsm3","eNeuron"
"1166","Adarb1","eNeuron"
"1167","Cyth2","eNeuron"
"1168","Tcf20","eNeuron"
"1169","Wdr82","eNeuron"
"1170","Prkaa2","eNeuron"
"1171","Mapk14","eNeuron"
"1172","Adcy2","eNeuron"
"1173","Dctn2","eNeuron"
"1174","Plcxd2","eNeuron"
"1175","Arhgap33","eNeuron"
"1176","Usp5","eNeuron"
"1177","Ipo11","eNeuron"
"1178","Zmat3","eNeuron"
"1179","Lrp3","eNeuron"
"1180","Nudt18","eNeuron"
"1181","Stip1","eNeuron"
"1182","Med24","eNeuron"
"1183","Senp2","eNeuron"
"1184","Fyttd1","eNeuron"
"1185","Cry2","eNeuron"
"1186","Armcx2","eNeuron"
"1187","Rap1gap","eNeuron"
"1188","Ash1l","eNeuron"
"1189","Gabrb1","eNeuron"
"1190","Smap2","eNeuron"
"1191","Gas7","eNeuron"
"1192","Tmem178","eNeuron"
"1193","Otub1","eNeuron"
"1194","Prkaca","eNeuron"
"1195","Herc2","eNeuron"
"1196","Trim44","eNeuron"
"1197","Ubr3","eNeuron"
"1198","Adar","eNeuron"
"1199","Efhd2","eNeuron"
"1200","Ogfod1","eNeuron"
"1201","Dlat","eNeuron"
"1202","Pde4a","eNeuron"
"1203","Usp7","eNeuron"
"1204","Gpd1l","eNeuron"
"1205","Pak1ip1","eNeuron"
"1206","Zfand5","eNeuron"
"1207","Nmt2","eNeuron"
"1208","Fkbp8","eNeuron"
"1209","Tef","eNeuron"
"1210","Rad23b","eNeuron"
"1211","Lrrn3","eNeuron"
"1212","Slc4a8","eNeuron"
"1213","Grsf1","eNeuron"
"1214","Elp3","eNeuron"
"1215","Abcf2","eNeuron"
"1216","Mapre3","eNeuron"
"1217","Rab24","eNeuron"
"1218","Arhgef7","eNeuron"
"1219","Casc4","eNeuron"
"1220","Gcc2","eNeuron"
"1221","Rab11fip2","eNeuron"
"1222","Wdr13","eNeuron"
"1223","Dusp8","eNeuron"
"1224","Enpp5","eNeuron"
"1225","Trio","eNeuron"
"1226","Hspa4l","eNeuron"
"1227","Ruvbl1","eNeuron"
"1228","Kif3b","eNeuron"
"1229","Rabep1","eNeuron"
"1230","Anxa7","eNeuron"
"1231","Gnl3l","eNeuron"
"1232","Cinp","eNeuron"
"1233","Dhx36","eNeuron"
"1234","Ssbp2","eNeuron"
"1235","Cse1l","eNeuron"
"1236","Ube3c","eNeuron"
"1237","Atg9a","eNeuron"
"1238","Flrt1","eNeuron"
"1239","Braf","eNeuron"
"1240","Ppm1a","eNeuron"
"1241","Atxn7l3","eNeuron"
"1242","Tacc1","eNeuron"
"1243","Slc25a46","eNeuron"
"1244","Letm1","eNeuron"
"1245","Hars","eNeuron"
"1246","Abhd16a","eNeuron"
"1247","Fbxo33","eNeuron"
"1248","Lancl1","eNeuron"
"1249","Tssc1","eNeuron"
"1250","Ugcg","eNeuron"
"1251","Hs2st1","eNeuron"
"1252","Fmn2","eNeuron"
"1253","Eml5","eNeuron"
"1254","Dpp9","eNeuron"
"1255","Fam32a","eNeuron"
"1256","Tln2","eNeuron"
"1257","Tspyl1","eNeuron"
"1258","Caskin1","eNeuron"
"1259","Mrpl11","eNeuron"
"1260","Cbx5","eNeuron"
"1261","Kras","eNeuron"
"1262","Rc3h2","eNeuron"
"1263","Map3k12","eNeuron"
"1264","Oaz2","eNeuron"
"1265","Zfp148","eNeuron"
"1266","Mtf2","eNeuron"
"1267","Atg12","eNeuron"
"1268","Tnpo2","eNeuron"
"1269","Trak2","eNeuron"
"1270","Etl4","eNeuron"
"1271","Mboat7","eNeuron"
"1272","Ylpm1","eNeuron"
"1273","Dcaf5","eNeuron"
"1274","Atp13a2","eNeuron"
"1275","Dpp6","eNeuron"
"1276","B3gat3","eNeuron"
"1277","Supt6","eNeuron"
"1278","Tpp2","eNeuron"
"1279","Ikbkap","eNeuron"
"1280","Sorcs3","eNeuron"
"1281","Naa25","eNeuron"
"1282","Dennd5b","eNeuron"
"1283","Arrb1","eNeuron"
"1284","Slc25a44","eNeuron"
"1285","Elovl4","eNeuron"
"1286","Arfgef1","eNeuron"
"1287","Rabl6","eNeuron"
"1288","Zmiz2","eNeuron"
"1289","Vps41","eNeuron"
"1290","Numb","eNeuron"
"1291","Ppp1r11","eNeuron"
"1292","Armc1","eNeuron"
"1293","Fam49b","eNeuron"
"1294","Gde1","eNeuron"
"1295","Neurl4","eNeuron"
"1296","Prepl","eNeuron"
"1297","Npepps","eNeuron"
"1298","Zdhhc21","eNeuron"
"1299","Fbxo11","eNeuron"
"1300","Dab2ip","eNeuron"
"1301","Gopc","eNeuron"
"1302","Suds3","eNeuron"
"1303","Ecsit","eNeuron"
"1304","Jakmip2","eNeuron"
"1305","Ube3a","eNeuron"
"1306","Becn1","eNeuron"
"1307","Cops8","eNeuron"
"1308","Myadm","eNeuron"
"1309","Dcaf6","eNeuron"
"1310","Rab3gap1","eNeuron"
"1311","Eif1a","eNeuron"
"1312","Hnrnpd","eNeuron"
"1313","Clasp1","eNeuron"
"1314","Ppip5k1","eNeuron"
"1315","Strap","eNeuron"
"1316","Rhbdd2","eNeuron"
"1317","Dcun1d4","eNeuron"
"1318","Prpf19","eNeuron"
"1319","Ap1b1","eNeuron"
"1320","Extl3","eNeuron"
"1321","Cand1","eNeuron"
"1322","Tbrg1","eNeuron"
"1323","Mkrn1","eNeuron"
"1324","Gak","eNeuron"
"1325","Bri3bp","eNeuron"
"1326","Fbxl17","eNeuron"
"1327","Cab39","eNeuron"
"1328","Ddhd2","eNeuron"
"1329","Shisa5","eNeuron"
"1330","Sumo3","eNeuron"
"1331","Ipo9","eNeuron"
"1332","Cyld","eNeuron"
"1333","Usp32","eNeuron"
"1334","Trrap","eNeuron"
"1335","Dlg1","eNeuron"
"1336","Uba5","eNeuron"
"1337","Usp11","eNeuron"
"1338","Mfsd6","eNeuron"
"1339","Ubald1","eNeuron"
"1340","Aagab","eNeuron"
"1341","Trim3","eNeuron"
"1342","Cltb","eNeuron"
"1343","Rnmt","eNeuron"
"1344","Myo9a","eNeuron"
"1345","Abca3","eNeuron"
"1346","Lasp1","eNeuron"
"1347","Itfg1","eNeuron"
"1348","Gramd1a","eNeuron"
"1349","Tmem56","eNeuron"
"1350","Bet1l","eNeuron"
"1351","Vps33a","eNeuron"
"1352","Dctn1","eNeuron"
"1353","Ube2q1","eNeuron"
"1354","Pcdh10","eNeuron"
"1355","Dohh","eNeuron"
"1356","Lrpprc","eNeuron"
"1357","P4htm","eNeuron"
"1358","Fbxo25","eNeuron"
"1359","Zbtb7a","eNeuron"
"1360","Drosha","eNeuron"
"1361","Nr2c2","eNeuron"
"1362","Top2b","eNeuron"
"1363","Wbp11","eNeuron"
"1364","Arhgap1","eNeuron"
"1365","Foxk2","eNeuron"
"1366","Ube2j1","eNeuron"
"1367","Cul5","eNeuron"
"1368","Kif2a","eNeuron"
"1369","Dzip3","eNeuron"
"1370","Megf8","eNeuron"
"1371","Clptm1l","eNeuron"
"1372","Naa50","eNeuron"
"1373","Ndufaf3","eNeuron"
"1374","Ddx42","eNeuron"
"1375","Cd99l2","eNeuron"
"1376","Sod2","eNeuron"
"1377","Glyr1","eNeuron"
"1378","Ptbp2","eNeuron"
"1379","Stard7","eNeuron"
"1380","Pds5b","eNeuron"
"1381","Fmr1","eNeuron"
"1382","Mrpl49","eNeuron"
"1383","Srgap3","eNeuron"
"1384","Eftud2","eNeuron"
"1385","Armcx3","eNeuron"
"1386","Eif4h","eNeuron"
"1387","Uqcrc1","eNeuron"
"1388","Nsmf","eNeuron"
"1389","Hnrnpul2","eNeuron"
"1390","Ykt6","eNeuron"
"1391","Cul3","eNeuron"
"1392","Zc3h13","eNeuron"
"1393","Mark3","eNeuron"
"1394","Xpo7","eNeuron"
"1395","Trim33","eNeuron"
"1396","Extl2","eNeuron"
"1397","Ppp2r5e","eNeuron"
"1398","Pik3r1","eNeuron"
"1399","Arfgap1","eNeuron"
"1400","Tmem132b","eNeuron"
"1401","Agpat1","eNeuron"
"1402","Gripap1","eNeuron"
"1403","Prpf31","eNeuron"
"1404","Mrpl19","eNeuron"
"1405","Pam","eNeuron"
"1406","Cers4","eNeuron"
"1407","Mast3","eNeuron"
"1408","Higd1a","eNeuron"
"1409","Ipo4","eNeuron"
"1410","Exoc7","eNeuron"
"1411","Tsr2","eNeuron"
"1412","Slc30a4","eNeuron"
"1413","Efr3a","eNeuron"
"1414","Tmem222","eNeuron"
"1415","Ogdh","eNeuron"
"1416","Fam171b","eNeuron"
"1417","Stim1","eNeuron"
"1418","Tnpo3","eNeuron"
"1419","Man1a2","eNeuron"
"1420","Ppp2ca","eNeuron"
"1421","Arl8b","eNeuron"
"1422","Dalrd3","eNeuron"
"1423","Ndufs1","eNeuron"
"1424","Dcaf7","eNeuron"
"1425","Vezt","eNeuron"
"1426","Ipo5","eNeuron"
"1427","Cask","eNeuron"
"1428","Esf1","eNeuron"
"1429","Ehmt1","eNeuron"
"1430","Prpf8","eNeuron"
"1431","Pum1","eNeuron"
"1432","Bag6","eNeuron"
"1433","Soga3","eNeuron"
"1434","Atf6","eNeuron"
"1435","Eif4e","eNeuron"
"1436","Slc30a9","eNeuron"
"1437","Opa1","eNeuron"
"1438","Scamp5","eNeuron"
"1439","Rtcb","eNeuron"
"1440","Mlx","eNeuron"
"1441","Abl2","eNeuron"
"1442","Med13l","eNeuron"
"1443","Rraga","eNeuron"
"1444","Sppl3","eNeuron"
"1445","Ogt","eNeuron"
"1446","Atg13","eNeuron"
"1447","Usp9x","eNeuron"
"1448","Acp1","eNeuron"
"1449","Ddx50","eNeuron"
"1450","Phf20","eNeuron"
"1451","Etnk1","eNeuron"
"1452","Uggt1","eNeuron"
"1453","Fh1","eNeuron"
"1454","Kpna1","eNeuron"
"1455","Nucks1","eNeuron"
"1456","Eif5b","eNeuron"
"1457","Iqsec1","eNeuron"
"1458","Lrrtm2","eNeuron"
"1459","Clip3","eNeuron"
"1460","Psmd3","eNeuron"
"1461","Hnrnph2","eNeuron"
"1462","Crbn","eNeuron"
"1463","Nap1l3","eNeuron"
"1464","Tmem199","eNeuron"
"1465","Ube2n","eNeuron"
"1466","Cnot1","eNeuron"
"1467","Ptprf","eNeuron"
"1468","Pdhx","eNeuron"
"1469","Grpel1","eNeuron"
"1470","Abhd6","eNeuron"
"1471","Mog","Olig"
"1472","Ugt8a","Olig"
"1473","Cnp","Olig"
"1474","Gsn","Olig"
"1475","Tmem88b","Olig"
"1476","Mag","Olig"
"1477","Ermn","Olig"
"1478","Cldn11","Olig"
"1479","Tspan2","Olig"
"1480","Gpr37","Olig"
"1481","Elovl7","Olig"
"1482","Enpp2","Olig"
"1483","Cers2","Olig"
"1484","Mal","Olig"
"1485","Pllp","Olig"
"1486","Apod","Olig"
"1487","Car2","Olig"
"1488","Elovl1","Olig"
"1489","Efnb3","Olig"
"1490","Psat1","Olig"
"1491","Tmeff2","Olig"
"1492","Phldb1","Olig"
"1493","Slc48a1","Olig"
"1494","Bpgm","Olig"
"1495","Csrp1","Olig"
"1496","Slc12a2","Olig"
"1497","Grb14","Olig"
"1498","Tmem125","Olig"
"1499","Sirt2","Olig"
"1500","Gatm","Olig"
"1501","Gjc2","Olig"
"1502","Litaf","Olig"
"1503","Sypl","Olig"
"1504","Tmbim1","Olig"
"1505","Lpar1","Olig"
"1506","Plekhb1","Olig"
"1507","Ndrg1","Olig"
"1508","Pla2g16","Olig"
"1509","Eml1","Olig"
"1510","Npc2","Olig"
"1511","Wscd1","Olig"
"1512","Gltp","Olig"
"1513","Cd82","Olig"
"1514","Cyp51","Olig"
"1515","Agpat4","Olig"
"1516","Adamts4","Olig"
"1517","Efhd1","Olig"
"1518","Plekhh1","Olig"
"1519","Bcas1","Olig"
"1520","Gjb1","Olig"
"1521","Carhsp1","Olig"
"1522","Anln","Olig"
"1523","Galnt6","Olig"
"1524","Dock10","Olig"
"1525","Degs1","Olig"
"1526","B3galt5","Olig"
"1527","Unc5b","Olig"
"1528","Hapln2","Olig"
"1529","Aatk","Olig"
"1530","Ddr1","Olig"
"1531","Tmem63a","Olig"
"1532","Lgi3","Olig"
"1533","Cntn2","Olig"
"1534","St18","Olig"
"1535","Tubb4a","Olig"
"1536","Rhog","Olig"
"1537","Fah","Olig"
"1538","Cdc42ep2","Olig"
"1539","Nmral1","Olig"
"1540","Smco3","Olig"
"1541","Cdc42ep1","Olig"
"1542","Kcnj10","Olig"
"1543","Pcdh9","Olig"
"1544","Myo1d","Olig"
"1545","Abca2","Olig"
"1546","Enpp6","Olig"
"1547","Pcbp4","Olig"
"1548","Cpm","Olig"
"1549","Serinc5","Olig"
"1550","S1pr5","Olig"
"1551","Zdhhc9","Olig"
"1552","Dpy19l1","Olig"
"1553","Ttyh2","Olig"
"1554","Gal3st1","Olig"
"1555","Pigz","Olig"
"1556","Hhip","Olig"
"1557","Nipal4","Olig"
"1558","Fgfr2","Olig"
"1559","Slain1","Olig"
"1560","Ephb1","Olig"
"1561","Plxnb3","Olig"
"1562","Nkain1","Olig"
"1563","Fa2h","Olig"
"1564","Secisbp2l","Olig"
"1565","Asrgl1","Olig"
"1566","Papss1","Olig"
"1567","Pacs2","Olig"
"1568","Desi1","Olig"
"1569","Frmd8","Olig"
"1570","Chn2","Olig"
"1571","Srd5a1","Olig"
"1572","Gng12","Olig"
"1573","Prr5l","Olig"
"1574","Map7","Olig"
"1575","Ado","Olig"
"1576","Micall1","Olig"
"1577","Arrdc3","Olig"
"1578","Lrrn1","Olig"
"1579","Tmem151a","Olig"
"1580","Slc38a2","Olig"
"1581","Tjap1","Olig"
"1582","Prkcq","Olig"
"1583","Abhd4","Olig"
"1584","Pls1","Olig"
"1585","Edil3","Olig"
"1586","Tspan15","Olig"
"1587","Myrf","Olig"
"1588","Reep3","Olig"
"1589","Nfasc","Olig"
"1590","Itgb4","Olig"
"1591","Nrbp2","Olig"
"1592","Atp1b3","Olig"
"1593","Tmed10","Olig"
"1594","Sox10","Olig"
"1595","Tsc22d4","Olig"
"1596","Kndc1","Olig"
"1597","Sox2ot","Olig"
"1598","Npc1","Olig"
"1599","Tmcc3","Olig"
"1600","Piga","Olig"
"1601","Hadh","Olig"
"1602","Ccp110","Olig"
"1603","Plat","Olig"
"1604","Enpp4","Olig"
"1605","Polr3e","Olig"
"1606","Foxn3","Olig"
"1607","Gab1","Olig"
"1608","Elovl5","Olig"
"1609","Smim1","Olig"
"1610","Omg","Olig"
"1611","Efcab14","Olig"
"1612","Dip2a","Olig"
"1613","Sc5d","Olig"
"1614","Pcyt2","Olig"
"1615","Mid1ip1","Olig"
"1616","Clic4","Olig"
"1617","Ypel2","Olig"
"1618","Myo6","Olig"
"1619","Prr18","Olig"
"1620","Diablo","Olig"
"1621","Ppp2r3a","Olig"
"1622","Gprc5b","Olig"
"1623","Pex5l","Olig"
"1624","Plod1","Olig"
"1625","Elovl6","Olig"
"1626","Spg20","Olig"
"1627","Endod1","Olig"
"1628","Ptprd","Olig"
"1629","Otud7b","Olig"
"1630","Slc6a9","Olig"
"1631","Leprot","Olig"
"1632","Ppp1r16b","Olig"
"1633","Tyro3","Olig"
"1634","Ano4","Olig"
"1635","Idh1","Olig"
"1636","Dhcr24","Olig"
"1637","Ralgds","Olig"
"1638","Tmem229a","Olig"
"1639","Zdhhc20","Olig"
"1640","Txndc16","Olig"
"1641","Epn2","Olig"
"1642","Mon2","Olig"
"1643","Ctsa","Olig"
"1644","Usp54","Olig"
"1645","Hepacam","Olig"
"1646","Mcam","Olig"
"1647","Ttll7","Olig"
"1648","Tmod1","Olig"
"1649","Rab31","Olig"
"1650","Dnajb2","Olig"
"1651","Fdft1","Olig"
"1652","Rcbtb1","Olig"
"1653","Mpp5","Olig"
"1654","Pim3","Olig"
"1655","S100b","Olig"
"1656","Pex2","Olig"
"1657","Ankrd28","Olig"
"1658","Plcl1","Olig"
"1659","Sbds","Olig"
"1660","Map6d1","Olig"
"1661","Llgl1","Olig"
"1662","Adipor2","Olig"
"1663","Gpd1","Olig"
"1664","Ubl3","Olig"
"1665","Sema6a","Olig"
"1666","Cadm4","Olig"
"1667","Bnip3l","Olig"
"1668","Gpr155","Olig"
"1669","Etv1","Olig"
"1670","Clmn","Olig"
"1671","Arhgap23","Olig"
"1672","Plekha1","Olig"
"1673","Sqle","Olig"
"1674","Phlpp1","Olig"
"1675","Bin1","Olig"
"1676","Rhob","Olig"
"1677","Tulp4","Olig"
"1678","Slco3a1","Olig"
"1679","Tm7sf3","Olig"
"1680","Wnk1","Olig"
"1681","Picalm","Olig"
"1682","P4hb","Olig"
"1683","Ebp","Olig"
"1684","Plxdc2","Olig"
"1685","Atp11a","Olig"
"1686","Mapk8ip1","Olig"
"1687","Mat2a","Olig"
"1688","Dixdc1","Olig"
"1689","Cln8","Olig"
"1690","Ap3m1","Olig"
"1691","Limch1","Olig"
"1692","Hipk2","Olig"
"1693","Svip","Olig"
"1694","Zfp740","Olig"
"1695","Wls","Olig"
"1696","Map4k4","Olig"
"1697","Klhl2","Olig"
"1698","Pmp22","Olig"
"1699","Exoc6b","Olig"
"1700","Gnptab","Olig"
"1701","Pip4k2a","Olig"
"1702","Hs3st1","Olig"
"1703","Hmgcl","Olig"
"1704","Tpd52","Olig"
"1705","Acly","Olig"
"1706","Eef1d","Olig"
"1707","Adam17","Olig"
"1708","Sptlc1","Olig"
"1709","Cpd","Olig"
"1710","Psph","Olig"
"1711","Nsdhl","Olig"
"1712","Hsd17b4","Olig"
"1713","Slc6a8","Olig"
"1714","Cat","Olig"
"1715","Smad7","Olig"
"1716","Neo1","Olig"
"1717","Dact3","Olig"
"1718","Hmgcr","Olig"
"1719","Abcd3","Olig"
"1720","Pepd","Olig"
"1721","Bace1","Olig"
"1722","Phc2","Olig"
"1723","Agap1","Olig"
"1724","Daam1","Olig"
"1725","Tbc1d14","Olig"
"1726","Slc22a23","Olig"
"1727","Inf2","Olig"
"1728","M6pr","Olig"
"1729","Tbc1d15","Olig"
"1730","Cdk5","Olig"
"1731","Gas5","Olig"
"1732","Acap2","Olig"
"1733","Lmbrd1","Olig"
"1734","Fryl","Olig"
"1735","Dennd5a","Olig"
"1736","Fasn","Olig"
"1737","Nras","Olig"
"1738","Snx30","Olig"
"1739","Iars","Olig"
"1740","Inpp5f","Olig"
"1741","Samd8","Olig"
"1742","Itch","Olig"
"1743","Mvb12b","Olig"
"1744","Cept1","Olig"
"1745","Tkt","Olig"
"1746","Bicd2","Olig"
"1747","Tmem33","Olig"
"1748","Bub3","Olig"
"1749","Apbb2","Olig"
"1750","Fbxl5","Olig"
"1751","Dip2b","Olig"
"1752","Usp16","Olig"
"1753","Pdia4","Olig"
"1754","Derl2","Olig"
"1755","Kcna6","Olig"
"1756","Vldlr","Olig"
"1757","Fam13c","Olig"
"1758","Prkcz","Olig"
"1759","Map7d1","Olig"
"1760","Smim7","Olig"
"1761","Pigq","Olig"
"1762","Tmem9b","Olig"
"1763","Slc25a51","Olig"
"1764","Ptk2","Olig"
"1765","Ing4","Olig"
"1766","Add1","Olig"
"1767","Tmed7","Olig"
"1768","Igsf8","Olig"
"1769","Rap2a","Olig"
"1770","Fcrls","microglia"
"1771","Laptm5","microglia"
"1772","Csf1r","microglia"
"1773","F13a1","microglia"
"1774","C3ar1","microglia"
"1775","Mrc1","microglia"
"1776","Fcgr1","microglia"
"1777","Pld4","microglia"
"1778","Cd36","microglia"
"1779","Cd14","microglia"
"1780","Gpr183","microglia"
"1781","Cd86","microglia"
"1782","C5ar1","microglia"
"1783","Stab1","microglia"
"1784","Ccr1","microglia"
"1785","Cybb","microglia"
"1786","Nckap1l","microglia"
"1787","Plek","microglia"
"1788","Cx3cr1","microglia"
"1789","Lyve1","microglia"
"1790","Txnip","microglia"
"1791","Adrb2","microglia"
"1792","Hk2","microglia"
"1793","Unc93b1","microglia"
"1794","Tgfbi","microglia"
"1795","Dab2","microglia"
"1796","Abca9","microglia"
"1797","Slco2b1","microglia"
"1798","Maf","microglia"
"1799","Zfp36","microglia"
"1800","Cd83","microglia"
"1801","Ehd4","microglia"
"1802","Fcgrt","microglia"
"1803","Grn","microglia"
"1804","Zfp36l1","microglia"
"1805","Nfkbiz","microglia"
"1806","Lcp1","microglia"
"1807","Abca1","microglia"
"1808","Ctsd","microglia"
"1809","Cp","microglia"
"1810","Man2b1","microglia"
"1811","Ctsh","microglia"
"1812","Igfbp4","microglia"
"1813","Serinc3","microglia"
"1814","Slc40a1","microglia"
"1815","Hexa","microglia"
"1816","Rin2","microglia"
"1817","Stk17b","microglia"
"1818","Atf3","microglia"
"1819","Lgmn","microglia"
"1820","Tcn2","microglia"
"1821","Cd164","microglia"
"1822","Ctsz","microglia"
"1823","Cmtm6","microglia"
"1824","Nfkbia","microglia"
"1825","Gas6","microglia"
"1826","Ctsa","microglia"
"1827","Zfp36l2","microglia"
"1828","Zfhx3","microglia"
"1829","Igf1","microglia"
"1830","Snx5","microglia"
"1831","Stard8","microglia"
"1832","Dusp1","microglia"
"1833","Scamp2","microglia"
"1834","Btg2","microglia"
"1835","Nfe2l2","microglia"
"1836","Ptbp3","microglia"
"1837","Asah1","microglia"
"1838","Ppp1r15a","microglia"
"1839","Pltp","microglia"
"1840","Ly6e","microglia"
"1841","Rgs2","microglia"
"1842","Klf4","microglia"
"1843","Ier5","microglia"
"1844","Mfsd1","microglia"
"1845","Fosb","microglia"
"1846","Btg1","microglia"
"1847","Gns","microglia"
"1848","Pmp22","microglia"
"1849","Dusp6","microglia"
"1850","Npc2","microglia"
"1851","Mbnl1","microglia"
"1852","Cyfip1","microglia"
"1853","Tln1","microglia"
"1854","Arsb","microglia"
"1855","Mcl1","microglia"
"1856","Hnrnpf","microglia"
"1857","Fcho2","microglia"
"1858","Ptbp1","microglia"
"1859","Gatm","microglia"
"1860","Dazap2","microglia"
"1861","Jmjd1c","microglia"
"1862","Lrp1","microglia"
"1863","Efhd2","microglia"
"1864","Rhob","microglia"
"1865","Slc3a2","microglia"
"1866","M6pr","microglia"
"1867","Ddx3x","microglia"
"1868","Esam","endoMural"
"1869","Cldn5","endoMural"
"1870","Tm4sf1","endoMural"
"1871","Flt1","endoMural"
"1872","Pecam1","endoMural"
"1873","Fn1","endoMural"
"1874","Cd93","endoMural"
"1875","Slc22a8","endoMural"
"1876","Serpinh1","endoMural"
"1877","Cav1","endoMural"
"1878","Ptprb","endoMural"
"1879","Tek","endoMural"
"1880","Tmem204","endoMural"
"1881","Ackr3","endoMural"
"1882","Pltp","endoMural"
"1883","Apold1","endoMural"
"1884","Kdr","endoMural"
"1885","Wwtr1","endoMural"
"1886","Tagln2","endoMural"
"1887","Eng","endoMural"
"1888","Podxl","endoMural"
"1889","Arap3","endoMural"
"1890","Epas1","endoMural"
"1891","Col4a1","endoMural"
"1892","Col4a2","endoMural"
"1893","Palmd","endoMural"
"1894","Msn","endoMural"
"1895","Vwa1","endoMural"
"1896","Cyr61","endoMural"
"1897","Slc7a5","endoMural"
"1898","Ablim1","endoMural"
"1899","Klf4","endoMural"
"1900","Slco1c1","endoMural"
"1901","Ctsh","endoMural"
"1902","Prom1","endoMural"
"1903","Fcgrt","endoMural"
"1904","Sgms1","endoMural"
"1905","Ccdc141","endoMural"
"1906","Slc2a1","endoMural"
"1907","Cd34","endoMural"
"1908","Arhgap29","endoMural"
"1909","Nfkbia","endoMural"
"1910","Akap2","endoMural"
"1911","Ly6e","endoMural"
"1912","Ptprg","endoMural"
"1913","Utrn","endoMural"
"1914","Zfp36l1","endoMural"
"1915","Iqgap1","endoMural"
"1916","Mfsd2a","endoMural"
"1917","Dusp1","endoMural"
"1918","Slc31a1","endoMural"
"1919","Ece1","endoMural"
"1920","Arl4a","endoMural"
"1921","Agrn","endoMural"
"1922","Kitl","endoMural"
"1923","Igf1r","endoMural"
"1924","Slc16a1","endoMural"
"1925","Fermt2","endoMural"
"1926","Ptbp1","endoMural"
"1927","Itgb1","endoMural"
"1928","Pcp4l1","endoMural"
"1929","Zfp36","endoMural"
"1930","Slc38a3","endoMural"
"1931","Dusp6","endoMural"
"1932","Timp3","endoMural"
"1933","Btg2","endoMural"
"1934","Fosb","endoMural"
"1935","Actn4","endoMural"
"1936","Maoa","endoMural"
"1937","Tfrc","endoMural"
"1938","Macf1","endoMural"
"1939","Slc6a6","endoMural"
"1940","Fry","endoMural"
"1941","Ifnar1","endoMural"
"1942","Btg1","endoMural"
"1943","Serinc3","endoMural"
"1944","Ctnna1","endoMural"
"1945","Slc39a10","endoMural"
"1946","Slc3a2","endoMural"
"1947","Lrp8","endoMural"
"1948","Nampt","endoMural"
"1949","Snrk","endoMural"
"1950","Arhgef12","endoMural"
"1951","Mprip","endoMural"
"1952","Clic4","endoMural"
"1953","Hnrnpf","endoMural"
"1954","Bmpr2","endoMural"
"1955","Acin1","endoMural"
"1956","Efr3b","endoMural"
"1957","Thoc2","endoMural"
"1958","Ppp1r12a","endoMural"
"1959","Cdk11b","endoMural"
"1960","Lcat","astrocytes"
"1961","Acsbg1","astrocytes"
"1962","Aqp4","astrocytes"
"1963","Mlc1","astrocytes"
"1964","Ntsr2","astrocytes"
"1965","Gpr37l1","astrocytes"
"1966","Fgfr3","astrocytes"
"1967","Gja1","astrocytes"
"1968","Ptprz1","astrocytes"
"1969","Timp4","astrocytes"
"1970","Dio2","astrocytes"
"1971","Sdc4","astrocytes"
"1972","Prodh","astrocytes"
"1973","Ednrb","astrocytes"
"1974","Slc4a4","astrocytes"
"1975","Slc38a3","astrocytes"
"1976","Gjb6","astrocytes"
"1977","Htra1","astrocytes"
"1978","Slc6a11","astrocytes"
"1979","Fam107a","astrocytes"
"1980","Tril","astrocytes"
"1981","Slc39a12","astrocytes"
"1982","S1pr1","astrocytes"
"1983","Acsl6","astrocytes"
"1984","Atp1b2","astrocytes"
"1985","Aldh1l1","astrocytes"
"1986","Cyp2d22","astrocytes"
"1987","Scg3","astrocytes"
"1988","Tmem47","astrocytes"
"1989","Vcam1","astrocytes"
"1990","Sox9","astrocytes"
"1991","Ezr","astrocytes"
"1992","Sfxn5","astrocytes"
"1993","Mmd2","astrocytes"
"1994","Tnfrsf19","astrocytes"
"1995","Hapln1","astrocytes"
"1996","Slco1c1","astrocytes"
"1997","Rorb","astrocytes"
"1998","Prex2","astrocytes"
"1999","Appl2","astrocytes"
"2000","Slc6a1","astrocytes"
"2001","Fjx1","astrocytes"
"2002","Pygb","astrocytes"
"2003","Ttyh1","astrocytes"
"2004","Glud1","astrocytes"
"2005","Akt2","astrocytes"
"2006","Lix1","astrocytes"
"2007","Vegfa","astrocytes"
"2008","Chst2","astrocytes"
"2009","Plxnb1","astrocytes"
"2010","Fgfr1","astrocytes"
"2011","Fads1","astrocytes"
"2012","Trim9","astrocytes"
"2013","Cxcl14","astrocytes"
"2014","Sox2","astrocytes"
"2015","S100b","astrocytes"
"2016","Timp3","astrocytes"
"2017","Elovl5","astrocytes"
"2018","Daam2","astrocytes"
"2019","Lrp1","astrocytes"
"2020","Scd1","astrocytes"
"2021","Prex1","astrocytes"
"2022","Kcnj10","astrocytes"
"2023","Hepacam","astrocytes"
"2024","Abat","astrocytes"
"2025","Sdc2","astrocytes"
"2026","Grm3","astrocytes"
"2027","Luzp2","astrocytes"
"2028","Tsc22d4","astrocytes"
"2029","Agpat5","astrocytes"
"2030","Add3","astrocytes"
"2031","Ddhd1","astrocytes"
"2032","Ahcyl1","astrocytes"
"2033","Myo6","astrocytes"
"2034","Gm2a","astrocytes"
"2035","Sfxn1","astrocytes"
"2036","Gna13","astrocytes"
"2037","Fermt2","astrocytes"
"2038","Gprc5b","astrocytes"
"2039","Ttyh3","astrocytes"
"2040","Dag1","astrocytes"
"2041","Paqr8","astrocytes"
"2042","Dner","astrocytes"
"2043","Zfp36l1","astrocytes"
"2044","Pttg1ip","astrocytes"
"2045","Kcnk1","astrocytes"
"2046","Pfkm","astrocytes"
"2047","Ctsd","astrocytes"
"2048","Macf1","astrocytes"
"2049","Caskin1","astrocytes"
"2050","Arhgap5","astrocytes"
"2051","Asrgl1","astrocytes"
"2052","Tmco1","astrocytes"
"2053","Arhgef12","astrocytes"
"2054","Cs","astrocytes"
"2055","Acox1","astrocytes"
"2056","Fdft1","astrocytes"
"2057","Src","astrocytes"
"2058","Spag9","astrocytes"
"2059","Gpd2","astrocytes"
"2060","Fut9","astrocytes"
"2061","Asah1","astrocytes"
"2062","Pcdh10","astrocytes"
"2063","Tnik","astrocytes"
"2064","Abcd3","astrocytes"
"2065","Hmgcr","astrocytes"
"2066","Ctnnd2","astrocytes"
"2067","Cdh2","astrocytes"
"2068","Slc3a2","astrocytes"
"2069","Btg1","astrocytes"
"2070","Tnrc6a","astrocytes"
"2071","Idh1","astrocytes"
"2072","Nr2f1","astrocytes"
